INSERT INTO USERS (`username`, `full_name`, `password`, `birthday`, `phone_number`, `email`, `gender`, `is_agree`, `status`, `apply_status`, `role`, `created_date`, `modified_date`)
VALUES
    ('Jorge', '박진협', '$2a$10$zG7hMrPY77D4YGyljxeK2uAE8.ujhC5HJ2Cy/CsDrtCctLzf.EGYW', '1999-10-28', '01083384583', 'test1234@test.com', 'M', true, 'ACTIVE', 'APPROVED', 'ADMIN', '2023-11-20 00:00:00', '2023-11-20 00:00:00'),
    ('kkr0787', '권경렬', '$2a$10$zG7hMrPY77D4YGyljxeK2uAE8.ujhC5HJ2Cy/CsDrtCctLzf.EGYW', '1997-02-19', '01028268801', 'user1@example.com', 'M', true, 'ACTIVE', 'APPROVED', 'USER', '2023-11-20 00:00:00', '2023-11-20 00:00:00'),
    ('user2', '김호현', 'password2', '1990-01-01', '01012345678', 'user2@example.com', 'M', true, 'ACTIVE', 'APPROVED', 'USER', '2023-11-20 00:00:00', '2023-11-20 00:00:00'),
    ('user3', '장희선', 'password3', '1990-01-01', '01012345678', 'user3@example.com', 'M', true, 'ACTIVE', 'APPROVED', 'USER', '2023-11-20 00:00:00', '2023-11-20 00:00:00'),
    ('user4', '박진희', 'password4', '1990-01-01', '01012345678', 'user4@example.com', 'M', true, 'ACTIVE', 'APPROVED', 'USER', '2023-11-20 00:00:00', '2023-11-20 00:00:00'),
    ('user5', '박태환', 'password5', '1990-01-01', '01012345678', 'user5@example.com', 'M', true, 'ACTIVE', 'APPROVED', 'USER', '2023-11-20 00:00:00', '2023-11-20 00:00:00'),
    ('user6', '마린보이1', 'password6', '1990-01-01', '01012345678', 'user6@example.com', 'M', true, 'ACTIVE', 'APPROVED', 'USER', '2023-11-20 00:00:00', '2023-11-20 00:00:00'),
    ('user7', '마린보이2', 'password7', '1990-01-01', '01012345678', 'user7@example.com', 'M', true, 'ACTIVE', 'APPROVED', 'USER', '2023-11-20 00:00:00', '2023-11-20 00:00:00'),
    ('user8', '마린보이3', 'password8', '1990-01-01', '01012345678', 'user8@example.com', 'M', true, 'ACTIVE', 'APPROVED', 'USER', '2023-11-20 00:00:00', '2023-11-20 00:00:00'),
    ('user9', '마린보이4', 'password8', '1990-01-01', '01012345678', 'user8@example.com', 'M', true, 'ACTIVE', 'APPROVED', 'USER', '2023-11-20 00:00:00', '2023-11-20 00:00:00'),
    ('user10', '마린보이5', 'password8', '1990-01-01', '01012345678', 'user8@example.com', 'M', true, 'ACTIVE', 'APPROVED', 'USER', '2023-11-20 00:00:00', '2023-11-20 00:00:00'),
    ('user11', '마린보이6', 'password8', '1990-01-01', '01012345678', 'user8@example.com', 'M', true, 'ACTIVE', 'APPROVED', 'USER', '2023-11-20 00:00:00', '2023-11-20 00:00:00'),
    ('user12', '마린보이7', 'password8', '1990-01-01', '01012345678', 'user8@example.com', 'M', true, 'ACTIVE', 'APPROVED', 'USER', '2023-11-20 00:00:00', '2023-11-20 00:00:00'),
    ('user13', '마린보이8', 'password8', '1990-01-01', '01012345678', 'user8@example.com', 'M', true, 'ACTIVE', 'APPROVED', 'USER', '2023-11-20 00:00:00', '2023-11-20 00:00:00'),
    ('user14', '마린보이9', 'password8', '1990-01-01', '01012345678', 'user8@example.com', 'M', true, 'ACTIVE', 'APPROVED', 'USER', '2023-11-20 00:00:00', '2023-11-20 00:00:00'),
    ('user15', '마린보이10', 'password8', '1990-01-01', '01012345678', 'user8@example.com', 'M', true, 'ACTIVE', 'APPROVED', 'USER', '2023-11-20 00:00:00', '2023-11-20 00:00:00'),
    ('user16', '마린보이11', '$2a$10$zG7hMrPY77D4YGyljxeK2uAE8.ujhC5HJ2Cy/CsDrtCctLzf.EGYW', '1990-01-01', '01012345678', 'user8@example.com', 'M', true, 'ACTIVE', 'APPROVED', 'USER', '2023-11-20 00:00:00', '2023-11-20 00:00:00'),
    ('user17', '마린보이12', '$2a$10$zG7hMrPY77D4YGyljxeK2uAE8.ujhC5HJ2Cy/CsDrtCctLzf.EGYW', '1990-01-01', '01012345678', 'user8@example.com', 'M', true, 'ACTIVE', 'APPROVED', 'USER', '2023-11-20 00:00:00', '2023-11-20 00:00:00'),
    ('user18', '마린보이13', 'password8', '1990-01-01', '01012345678', 'user8@example.com', 'M', true, 'ACTIVE', 'APPROVED', 'USER', '2023-11-20 00:00:00', '2023-11-20 00:00:00'),
    ('user19', '마린보이14', 'password8', '1990-01-01', '01012345678', 'user8@example.com', 'M', true, 'ACTIVE', 'APPROVED', 'USER', '2023-11-20 00:00:00', '2023-11-20 00:00:00'),
    ('user20', '마린보이15', 'password8', '1990-01-01', '01012345678', 'user8@example.com', 'M', true, 'ACTIVE', 'APPROVED', 'USER', '2023-11-20 00:00:00', '2023-11-20 00:00:00'),
    ('waitUser', '마린보이', 'password9', '1990-01-01', '01012345678', 'user9@example.com', 'M', true, 'ACTIVE', 'WAITING', 'USER', '2023-11-20 00:00:00', '2023-11-20 00:00:00'),
    ('referee1', '심판1', '$2a$10$zG7hMrPY77D4YGyljxeK2uAE8.ujhC5HJ2Cy/CsDrtCctLzf.EGYW', '1990-01-01', '01012345675', 'user9@example.com', 'M', true, 'ACTIVE', 'APPROVED', 'REFEREE', '2023-11-20 00:00:00', '2023-11-20 00:00:00'),
    ('referee2', '심판2', '$2a$10$zG7hMrPY77D4YGyljxeK2uAE8.ujhC5HJ2Cy/CsDrtCctLzf.EGYW', '1990-01-01', '01012345674', 'user9@example.com', 'M', true, 'ACTIVE', 'APPROVED', 'REFEREE', '2023-11-20 00:00:00', '2023-11-20 00:00:00'),
    ('referee3', '심판3', '$2a$10$zG7hMrPY77D4YGyljxeK2uAE8.ujhC5HJ2Cy/CsDrtCctLzf.EGYW', '1990-01-01', '01012345673', 'user9@example.com', 'M', true, 'ACTIVE', 'APPROVED', 'REFEREE', '2023-11-20 00:00:00', '2023-11-20 00:00:00'),
    ('referee4', '심판4', '$2a$10$zG7hMrPY77D4YGyljxeK2uAE8.ujhC5HJ2Cy/CsDrtCctLzf.EGYW', '1990-01-01', '01012345671', 'user9@example.com', 'M', true, 'ACTIVE', 'APPROVED', 'REFEREE', '2023-11-20 00:00:00', '2023-11-20 00:00:00')
;

INSERT INTO TEAMS (team_name, created_date, modified_date)
VALUES
    ('김해수영1팀', '2023-11-20 00:00:00', '2023-11-20 00:00:00'),
    ('김해수영2팀', '2023-11-20 00:00:00', '2023-11-20 00:00:00'),
    ('김해수영3팀', '2023-11-20 00:00:00', '2023-11-20 00:00:00'),
    ('김해수영4팀', '2023-11-20 00:00:00', '2023-11-20 00:00:00'),
    ('김해수영5팀', '2023-11-20 00:00:00', '2023-11-20 00:00:00'),
    ('김해수영6팀', '2023-11-20 00:00:00', '2023-11-20 00:00:00'),
    ('김해수영7팀', '2023-11-20 00:00:00', '2023-11-20 00:00:00'),
    ('김해수영8팀', '2023-11-20 00:00:00', '2023-11-20 00:00:00'),
    ('김해수영9팀', '2023-11-20 00:00:00', '2023-11-20 00:00:00'),
    ('김해수영10팀', '2023-11-20 00:00:00', '2023-11-20 00:00:00')
;

INSERT INTO TEAM_MEMBERS (team_id, user_id, position, created_date, modified_date)
VALUES
    (1, 1, 'LEADER', '2023-11-20 00:00:00', '2023-11-20 00:00:00'),
    (1, 2, 'MEMBER', '2023-11-20 00:00:00', '2023-11-20 00:00:00'),
    (1, 3, 'MEMBER', '2023-11-20 00:00:00', '2023-11-20 00:00:00'),
    (1, 4, 'MEMBER', '2023-11-20 00:00:00', '2023-11-20 00:00:00'),
    (1, 5, 'MEMBER', '2023-11-20 00:00:00', '2023-11-20 00:00:00'),
    (1, 6, 'MEMBER', '2023-11-20 00:00:00', '2023-11-20 00:00:00'),
    (1, 7, 'MEMBER', '2023-11-20 00:00:00', '2023-11-20 00:00:00'),
    (1, 8, 'MEMBER', '2023-11-20 00:00:00', '2023-11-20 00:00:00'),
    (1, 9, 'MEMBER', '2023-11-20 00:00:00', '2023-11-20 00:00:00'),
    (2, 10, 'LEADER', '2023-11-20 00:00:00', '2023-11-20 00:00:00'),
    (2, 11, 'MEMBER', '2023-11-20 00:00:00', '2023-11-20 00:00:00'),
    (3, 12, 'LEADER', '2023-11-20 00:00:00', '2023-11-20 00:00:00'),
    (3, 13, 'MEMBER', '2023-11-20 00:00:00', '2023-11-20 00:00:00'),
    (3, 14, 'MEMBER', '2023-11-20 00:00:00', '2023-11-20 00:00:00'),
    (4, 15, 'LEADER', '2023-11-20 00:00:00', '2023-11-20 00:00:00'),
    (4, 16, 'MEMBER', '2023-11-20 00:00:00', '2023-11-20 00:00:00'),
    (5, 17, 'LEADER', '2023-11-20 00:00:00', '2023-11-20 00:00:00'),
    (5, 18, 'MEMBER', '2023-11-20 00:00:00', '2023-11-20 00:00:00'),
    (6, 19, 'LEADER', '2023-11-20 00:00:00', '2023-11-20 00:00:00'),
    (6, 20, 'MEMBER', '2023-11-20 00:00:00', '2023-11-20 00:00:00'),
    (7, 21, 'LEADER', '2023-11-20 00:00:00', '2023-11-20 00:00:00')
;

INSERT INTO DEPARTMENTS (department_age, department_gender, more_or_less, status, department_info, created_date, modified_date) VALUES
    (10, 'M', 'LESS', 'ACTIVE', '학생부', '2023-01-01 00:00:00', '2023-01-01 00:00:00'),
    (15, 'F', 'MORE', 'ACTIVE', '학생부', '2023-01-02 00:00:00', '2023-01-02 00:00:00'),
    (20, 'X', 'LESS', 'ACTIVE', null, '2023-01-03 00:00:00', '2023-01-03 00:00:00'),
    (25, 'M', 'MORE', 'ACTIVE', null, '2023-01-04 00:00:00', '2023-01-04 00:00:00'),
    (30, 'F', 'LESS', 'ACTIVE', null, '2023-01-05 00:00:00', '2023-01-05 00:00:00'),
    (35, 'X', 'MORE', 'ACTIVE', null, '2023-01-06 00:00:00', '2023-01-06 00:00:00'),
    (40, 'M', 'LESS', 'ACTIVE', null, '2023-01-07 00:00:00', '2023-01-07 00:00:00'),
    (45, 'F', 'MORE', 'ACTIVE', null, '2023-01-08 00:00:00', '2023-01-08 00:00:00'),
    (50, 'X', 'LESS', 'ACTIVE', null, '2023-01-09 00:00:00', '2023-01-09 00:00:00'),
    (55, 'M', 'MORE', 'ACTIVE', null, '2023-01-10 00:00:00', '2023-01-10 00:00:00')
;

INSERT INTO EVENTS (event_name, status, created_date, modified_date) VALUES
    ('자유형', 'ACTIVE', '2023-01-03 00:00:00', '2023-01-03 00:00:00'),
    ('자유형핀', 'ACTIVE', '2023-01-05 00:00:00', '2023-01-05 00:00:00'),
    ('배영', 'ACTIVE', '2023-01-02 00:00:00', '2023-01-02 00:00:00'),
    ('평영', 'ACTIVE', '2023-01-04 00:00:00', '2023-01-04 00:00:00'),
    ('접영', 'ACTIVE', '2023-01-01 00:00:00', '2023-01-01 00:00:00'),
    ('접영핀', 'ACTIVE', '2023-01-01 00:00:00', '2023-01-01 00:00:00'),
    ('개인혼영', 'ACTIVE', '2023-01-05 00:00:00', '2023-01-05 00:00:00'),
    ('혼계영', 'ACTIVE', '2023-01-05 00:00:00', '2023-01-05 00:00:00'),
    ('계영', 'ACTIVE', '2023-01-05 00:00:00', '2023-01-05 00:00:00')
;

INSERT INTO METERS (meter, created_date, modified_date) VALUES
    ('50M', '2023-01-06 00:00:00', '2023-01-06 00:00:00'),
    ('100M', '2023-01-01 00:00:00', '2023-01-01 00:00:00'),
    ('200M', '2023-01-02 00:00:00', '2023-01-02 00:00:00'),
    ('300M', '2023-01-08 00:00:00', '2023-01-08 00:00:00'),
    ('400M', '2023-01-03 00:00:00', '2023-01-03 00:00:00'),
    ('500M', '2023-01-09 00:00:00', '2023-01-09 00:00:00'),
    ('800M', '2023-01-04 00:00:00', '2023-01-04 00:00:00'),
    ('1000M', '2023-01-07 00:00:00', '2023-01-07 00:00:00'),
    ('1200M', '2023-01-10 00:00:00', '2023-01-10 00:00:00'),
    ('1500M', '2023-01-05 00:00:00', '2023-01-05 00:00:00')
;

INSERT INTO COMPETITIONS (competition_name, competition_date, competition_place,
                          competition_apply_start_date, competition_apply_end_date, competition_content,
                          competition_fee, competition_student_fee, competition_account, status, created_date, modified_date)
VALUES
    ('2021년 제1회 김해시장배 수영대회', '2021-10-28 09:00:00', '김해시 체육관', '2021-10-01 00:00:00', '2021-10-20 23:59:59', '2021년 제1회 김해시장배 수영대회', 10000, 5000, '신한은행 110-123-456789 홍길동', 'ACTIVE', '2023-11-20 00:00:00', '2023-11-20 00:00:00'),
    ('2021년 제2회 김해시장배 수영대회', '2023-11-21 00:00:00', 'Place 2', '2023-11-11 00:00:00', '2023-11-16 00:00:00', 'Content 2', 120, 60, 'Bank 2, Account 2, Owner 2', 'ACTIVE', '2023-11-20 00:00:00', '2023-11-20 00:00:00'),
    ('2021년 제3회 김해시장배 수영대회', '2023-11-22 00:00:00', 'Place 3', '2023-11-12 00:00:00', '2023-11-17 00:00:00', 'Content 3', 80, 40, 'Bank 3, Account 3, Owner 3', 'ACTIVE', '2023-11-20 00:00:00', '2023-11-20 00:00:00'),
    ('2021년 제4회 김해시장배 수영대회', '2023-11-23 00:00:00', 'Place 4', '2023-11-13 00:00:00', '2023-11-18 00:00:00', 'Content 4', 150, 75, 'Bank 4, Account 4, Owner 4', 'ACTIVE', '2023-11-20 00:00:00', '2023-11-20 00:00:00'),
    ('2021년 제5회 김해시장배 수영대회', '2023-11-24 00:00:00', 'Place 5', '2023-11-14 00:00:00', '2023-11-19 00:00:00', 'Content 5', 90, 45, 'Bank 5, Account 5, Owner 5', 'ACTIVE', '2023-11-20 00:00:00', '2023-11-20 00:00:00'),
    ('2021년 제6회 김해시장배 수영대회', '2023-11-25 00:00:00', 'Place 6', '2023-11-15 00:00:00', '2023-11-20 00:00:00', 'Content 6', 110, 55, 'Bank 6, Account 6, Owner 6', 'ACTIVE', '2023-11-20 00:00:00', '2023-11-20 00:00:00'),
    ('2021년 제7회 김해시장배 수영대회', '2023-11-26 00:00:00', 'Place 7', '2023-11-16 00:00:00', '2023-11-21 00:00:00', 'Content 7', 130, 65, 'Bank 7, Account 7, Owner 7', 'ACTIVE', '2023-11-20 00:00:00', '2023-11-20 00:00:00'),
    ('2021년 제8회 김해시장배 수영대회', '2023-11-27 00:00:00', 'Place 8', '2023-11-17 00:00:00', '2023-11-22 00:00:00', 'Content 8', 70, 35, 'Bank 8, Account 8, Owner 8', 'ACTIVE', '2023-11-20 00:00:00', '2023-11-20 00:00:00'),
    ('2021년 제9회 김해시장배 수영대회', '2023-11-28 00:00:00', 'Place 9', '2023-11-18 00:00:00', '2023-11-23 00:00:00', 'Content 9', 100, 50, 'Bank 9, Account 9, Owner 9', 'ACTIVE', '2023-11-20 00:00:00', '2023-11-20 00:00:00'),
    ('2021년 제10회 김해시장배 수영대회', '2023-11-29 00:00:00', 'Place 10', '2023-11-19 00:00:00', '2023-11-24 00:00:00', 'Content 10', 120, 60, 'Bank 10, Account 10, Owner 10', 'ACTIVE', '2023-11-20 00:00:00', '2023-11-20 00:00:00'),
    ('2021년 제11회 김해시장배 수영대회', '2023-11-24 00:00:00', 'Place 11', '2023-11-14 00:00:00', '2023-11-19 00:00:00', 'Content 11', 90, 45, 'Bank 5, Account 5, Owner 5', 'ACTIVE', '2023-11-20 00:00:00', '2023-11-20 00:00:00'),
    ('2021년 제12회 김해시장배 수영대회', '2023-11-25 00:00:00', 'Place 12', '2023-11-15 00:00:00', '2023-11-20 00:00:00', 'Content 12', 110, 55, 'Bank 6, Account 6, Owner 6', 'ACTIVE', '2023-11-20 00:00:00', '2023-11-20 00:00:00'),
    ('2021년 제13회 김해시장배 수영대회', '2023-11-26 00:00:00', 'Place 13', '2023-11-16 00:00:00', '2023-11-21 00:00:00', 'Content 13', 130, 65, 'Bank 7, Account 7, Owner 7', 'ACTIVE', '2023-11-20 00:00:00', '2023-11-20 00:00:00'),
    ('2021년 제14회 김해시장배 수영대회', '2023-11-27 00:00:00', 'Place 14', '2023-11-17 00:00:00', '2023-11-22 00:00:00', 'Content 14', 70, 35, 'Bank 8, Account 8, Owner 8', 'ACTIVE', '2023-11-20 00:00:00', '2023-11-20 00:00:00'),
    ('2021년 제15회 김해시장배 수영대회', '2023-11-28 00:00:00', 'Place 15', '2023-11-18 00:00:00', '2023-11-23 00:00:00', 'Content 15', 100, 50, 'Bank 9, Account 9, Owner 9', 'ACTIVE', '2023-11-20 00:00:00', '2023-11-20 00:00:00'),
    ('2021년 제16회 김해시장배 수영대회', '2023-11-29 00:00:00', 'Place 16', '2023-11-19 00:00:00', '2023-11-24 00:00:00', 'Content 16', 120, 60, 'Bank 10, Account 10, Owner 10', 'ACTIVE', '2023-11-20 00:00:00', '2023-11-20 00:00:00'),
    ('2021년 제17회 김해시장배 수영대회', '2023-11-22 00:00:00', 'Place 3', '2023-11-12 00:00:00', '2023-11-17 00:00:00', 'Content 3', 80, 40, 'Bank 3, Account 3, Owner 3', 'ACTIVE', '2023-11-20 00:00:00', '2023-11-20 00:00:00'),
    ('2021년 제18회 김해시장배 수영대회', '2023-11-23 00:00:00', 'Place 4', '2023-11-13 00:00:00', '2023-11-18 00:00:00', 'Content 4', 150, 75, 'Bank 4, Account 4, Owner 4', 'ACTIVE', '2023-11-20 00:00:00', '2023-11-20 00:00:00'),
    ('2021년 제19회 김해시장배 수영대회', '2023-11-24 00:00:00', 'Place 5', '2023-11-14 00:00:00', '2023-11-19 00:00:00', 'Content 5', 90, 45, 'Bank 5, Account 5, Owner 5', 'ACTIVE', '2023-11-20 00:00:00', '2023-11-20 00:00:00'),
    ('2021년 제20회 김해시장배 수영대회', '2023-11-25 00:00:00', 'Place 6', '2023-11-15 00:00:00', '2023-11-20 00:00:00', 'Content 6', 110, 55, 'Bank 6, Account 6, Owner 6', 'ACTIVE', '2023-11-20 00:00:00', '2023-11-20 00:00:00'),
    ('2021년 제21회 김해시장배 수영대회', '2023-11-26 00:00:00', 'Place 7', '2023-11-16 00:00:00', '2023-11-21 00:00:00', 'Content 7', 130, 65, 'Bank 7, Account 7, Owner 7', 'ACTIVE', '2023-11-20 00:00:00', '2023-11-20 00:00:00'),
    ('2021년 제22회 김해시장배 수영대회', '2023-11-27 00:00:00', 'Place 8', '2023-11-17 00:00:00', '2023-11-22 00:00:00', 'Content 8', 70, 35, 'Bank 8, Account 8, Owner 8', 'ACTIVE', '2023-11-20 00:00:00', '2023-11-20 00:00:00'),
    ('2021년 제23회 김해시장배 수영대회', '2023-11-28 00:00:00', 'Place 9', '2023-11-18 00:00:00', '2023-11-23 00:00:00', 'Content 9', 100, 50, 'Bank 9, Account 9, Owner 9', 'ACTIVE', '2023-11-20 00:00:00', '2023-11-20 00:00:00'),
    ('2021년 제24회 김해시장배 수영대회', '2023-11-29 00:00:00', 'Place 10', '2023-11-19 00:00:00', '2023-11-24 00:00:00', 'Content 10', 120, 60, 'Bank 10, Account 10, Owner 10', 'ACTIVE', '2023-11-20 00:00:00', '2023-11-20 00:00:00'),
    ('2021년 제25회 김해시장배 수영대회', '2023-11-24 00:00:00', 'Place 11', '2023-11-14 00:00:00', '2023-11-19 00:00:00', 'Content 11', 90, 45, 'Bank 5, Account 5, Owner 5', 'ACTIVE', '2023-11-20 00:00:00', '2023-11-20 00:00:00'),
    ('2021년 제26회 김해시장배 수영대회', '2023-11-25 00:00:00', 'Place 12', '2023-11-15 00:00:00', '2023-11-20 00:00:00', 'Content 12', 110, 55, 'Bank 6, Account 6, Owner 6', 'ACTIVE', '2023-11-20 00:00:00', '2023-11-20 00:00:00'),
    ('2021년 제27회 김해시장배 수영대회', '2023-11-26 00:00:00', 'Place 13', '2023-11-16 00:00:00', '2023-11-21 00:00:00', 'Content 13', 130, 65, 'Bank 7, Account 7, Owner 7', 'ACTIVE', '2023-11-20 00:00:00', '2023-11-20 00:00:00'),
    ('2021년 제28회 김해시장배 수영대회', '2023-11-27 00:00:00', 'Place 14', '2023-11-17 00:00:00', '2023-11-22 00:00:00', 'Content 14', 70, 35, 'Bank 8, Account 8, Owner 8', 'ACTIVE', '2023-11-20 00:00:00', '2023-11-20 00:00:00'),
    ('2021년 제29회 김해시장배 수영대회', '2023-11-28 00:00:00', 'Place 15', '2023-11-18 00:00:00', '2023-11-23 00:00:00', 'Content 15', 100, 50, 'Bank 9, Account 9, Owner 9', 'ACTIVE', '2023-11-20 00:00:00', '2023-11-20 00:00:00'),
    ('2021년 제30회 김해시장배 수영대회', '2023-11-29 00:00:00', 'Place 16', '2023-11-19 00:00:00', '2023-11-24 00:00:00', 'Content 16', 120, 60, 'Bank 10, Account 10, Owner 10', 'ACTIVE', '2023-11-20 00:00:00', '2023-11-20 00:00:00'),
    ('2021년 제31회 김해시장배 수영대회', '2023-11-22 00:00:00', 'Place 3', '2023-11-12 00:00:00', '2023-11-17 00:00:00', 'Content 3', 80, 40, 'Bank 3, Account 3, Owner 3', 'ACTIVE', '2023-11-20 00:00:00', '2023-11-20 00:00:00'),
    ('2021년 제32회 김해시장배 수영대회', '2023-11-23 00:00:00', 'Place 4', '2023-11-13 00:00:00', '2023-11-18 00:00:00', 'Content 4', 150, 75, 'Bank 4, Account 4, Owner 4', 'ACTIVE', '2023-11-20 00:00:00', '2023-11-20 00:00:00'),
    ('2021년 제33회 김해시장배 수영대회', '2023-11-24 00:00:00', 'Place 5', '2023-11-14 00:00:00', '2023-11-19 00:00:00', 'Content 5', 90, 45, 'Bank 5, Account 5, Owner 5', 'ACTIVE', '2023-11-20 00:00:00', '2023-11-20 00:00:00'),
    ('2021년 제34회 김해시장배 수영대회', '2023-11-25 00:00:00', 'Place 6', '2023-11-15 00:00:00', '2023-11-20 00:00:00', 'Content 6', 110, 55, 'Bank 6, Account 6, Owner 6', 'ACTIVE', '2023-11-20 00:00:00', '2023-11-20 00:00:00'),
    ('2021년 제35회 김해시장배 수영대회', '2023-11-26 00:00:00', 'Place 7', '2023-11-16 00:00:00', '2023-11-21 00:00:00', 'Content 7', 130, 65, 'Bank 7, Account 7, Owner 7', 'ACTIVE', '2023-11-20 00:00:00', '2023-11-20 00:00:00'),
    ('2021년 제36회 김해시장배 수영대회', '2023-11-27 00:00:00', 'Place 8', '2023-11-17 00:00:00', '2023-11-22 00:00:00', 'Content 8', 70, 35, 'Bank 8, Account 8, Owner 8', 'ACTIVE', '2023-11-20 00:00:00', '2023-11-20 00:00:00'),
    ('2021년 제37회 김해시장배 수영대회', '2023-11-28 00:00:00', 'Place 9', '2023-11-18 00:00:00', '2023-11-23 00:00:00', 'Content 9', 100, 50, 'Bank 9, Account 9, Owner 9', 'ACTIVE', '2023-11-20 00:00:00', '2023-11-20 00:00:00'),
    ('2021년 제38회 김해시장배 수영대회', '2023-11-29 00:00:00', 'Place 10', '2023-11-19 00:00:00', '2023-11-24 00:00:00', 'Content 10', 120, 60, 'Bank 10, Account 10, Owner 10', 'ACTIVE', '2023-11-20 00:00:00', '2023-11-20 00:00:00'),
    ('2021년 제39회 김해시장배 수영대회', '2023-11-24 00:00:00', 'Place 11', '2023-11-14 00:00:00', '2023-11-19 00:00:00', 'Content 11', 90, 45, 'Bank 5, Account 5, Owner 5', 'ACTIVE', '2023-11-20 00:00:00', '2023-11-20 00:00:00'),
    ('2021년 제40회 김해시장배 수영대회', '2023-11-25 00:00:00', 'Place 12', '2023-11-15 00:00:00', '2023-11-20 00:00:00', 'Content 12', 110, 55, 'Bank 6, Account 6, Owner 6', 'ACTIVE', '2023-11-20 00:00:00', '2023-11-20 00:00:00'),
    ('2021년 제41회 김해시장배 수영대회', '2023-11-26 00:00:00', 'Place 13', '2023-11-16 00:00:00', '2023-11-21 00:00:00', 'Content 13', 130, 65, 'Bank 7, Account 7, Owner 7', 'ACTIVE', '2023-11-20 00:00:00', '2023-11-20 00:00:00'),
    ('2021년 제42회 김해시장배 수영대회', '2023-11-27 00:00:00', 'Place 14', '2023-11-17 00:00:00', '2023-11-22 00:00:00', 'Content 14', 70, 35, 'Bank 8, Account 8, Owner 8', 'ACTIVE', '2023-11-20 00:00:00', '2023-11-20 00:00:00'),
    ('2021년 제43회 김해시장배 수영대회', '2023-11-28 00:00:00', 'Place 15', '2023-11-18 00:00:00', '2023-11-23 00:00:00', 'Content 15', 100, 50, 'Bank 9, Account 9, Owner 9', 'ACTIVE', '2023-11-20 00:00:00', '2023-11-20 00:00:00'),
    ('2021년 제44회 김해시장배 수영대회', '2023-11-29 00:00:00', 'Place 16', '2023-11-19 00:00:00', '2023-11-24 00:00:00', 'Content 16', 120, 60, 'Bank 10, Account 10, Owner 10', 'ACTIVE', '2023-11-20 00:00:00', '2023-11-20 00:00:00'),
    ('2021년 제45회 김해시장배 수영대회', '2023-11-24 00:00:00', 'Place 11', '2023-11-14 00:00:00', '2023-11-19 00:00:00', 'Content 11', 90, 45, 'Bank 5, Account 5, Owner 5', 'ACTIVE', '2023-11-20 00:00:00', '2023-11-20 00:00:00'),
    ('2021년 제46회 김해시장배 수영대회', '2023-11-25 00:00:00', 'Place 12', '2023-11-15 00:00:00', '2023-11-20 00:00:00', 'Content 12', 110, 55, 'Bank 6, Account 6, Owner 6', 'ACTIVE', '2023-11-20 00:00:00', '2023-11-20 00:00:00'),
    ('2021년 제47회 김해시장배 수영대회', '2023-11-26 00:00:00', 'Place 13', '2023-11-16 00:00:00', '2023-11-21 00:00:00', 'Content 13', 130, 65, 'Bank 7, Account 7, Owner 7', 'ACTIVE', '2023-11-20 00:00:00', '2023-11-20 00:00:00'),
    ('2021년 제48회 김해시장배 수영대회', '2023-11-27 00:00:00', 'Place 14', '2023-11-17 00:00:00', '2023-11-22 00:00:00', 'Content 14', 70, 35, 'Bank 8, Account 8, Owner 8', 'ACTIVE', '2023-11-20 00:00:00', '2023-11-20 00:00:00'),
    ('2021년 제49회 김해시장배 수영대회', '2023-11-28 00:00:00', 'Place 15', '2023-11-18 00:00:00', '2023-11-23 00:00:00', 'Content 15', 100, 50, 'Bank 9, Account 9, Owner 9', 'ACTIVE', '2023-11-20 00:00:00', '2023-11-20 00:00:00'),
    ('2021년 제50회 김해시장배 수영대회', '2023-11-29 00:00:00', 'Place 16', '2023-11-19 00:00:00', '2023-11-24 00:00:00', 'Content 16', 120, 60, 'Bank 10, Account 10, Owner 10', 'ACTIVE', '2023-11-20 00:00:00', '2023-11-20 00:00:00'),
    ('2021년 제51회 김해시장배 수영대회', '2023-11-24 00:00:00', 'Place 11', '2023-11-14 00:00:00', '2023-11-19 00:00:00', 'Content 11', 90, 45, 'Bank 5, Account 5, Owner 5', 'ACTIVE', '2023-11-20 00:00:00', '2023-11-20 00:00:00'),
    ('2021년 제52회 김해시장배 수영대회', '2023-11-25 00:00:00', 'Place 12', '2023-11-15 00:00:00', '2023-11-20 00:00:00', 'Content 12', 110, 55, 'Bank 6, Account 6, Owner 6', 'ACTIVE', '2023-11-20 00:00:00', '2023-11-20 00:00:00'),
    ('2021년 제53회 김해시장배 수영대회', '2023-11-26 00:00:00', 'Place 13', '2023-11-16 00:00:00', '2023-11-21 00:00:00', 'Content 13', 130, 65, 'Bank 7, Account 7, Owner 7', 'ACTIVE', '2023-11-20 00:00:00', '2023-11-20 00:00:00'),
    ('2021년 제54회 김해시장배 수영대회', '2023-11-27 00:00:00', 'Place 14', '2023-11-17 00:00:00', '2023-11-22 00:00:00', 'Content 14', 70, 35, 'Bank 8, Account 8, Owner 8', 'ACTIVE', '2023-11-20 00:00:00', '2023-11-20 00:00:00'),
    ('2021년 제55회 김해시장배 수영대회', '2023-11-28 00:00:00', 'Place 15', '2023-11-18 00:00:00', '2023-11-23 00:00:00', 'Content 15', 100, 50, 'Bank 9, Account 9, Owner 9', 'ACTIVE', '2023-11-20 00:00:00', '2023-11-20 00:00:00'),
    ('2021년 제56회 김해시장배 수영대회', '2023-11-29 00:00:00', 'Place 16', '2023-11-19 00:00:00', '2023-11-24 00:00:00', 'Content 16', 120, 60, '신한은행 110-123-456789 홍길동', 'ACTIVE', '2023-11-20 00:00:00', '2023-11-20 00:00:00')
;

INSERT INTO COMPETITION_EVENTS (event_type, department_id, event_id, meter_id, event_capacity, first_score, second_score, third_score, fourth_score, fifth_score, sixth_score, seventh_score, eighth_score, competition_id, created_date, modified_date)
VALUES
    ('ORGANIZATION_MALE', 1, 1, 1, 100, 10, 8, 6, 4, 2, 0, 0, 0, 1, '2023-11-20 00:00:00', '2023-11-20 00:00:00'),
    ('ORGANIZATION_MALE', 4, 2, 2, 50, 80, 70, 60, 50, 40, 30, 20, 10, 2, '2023-11-20 00:00:00', '2023-11-20 00:00:00'),
    ('ORGANIZATION_MALE', 7, 3, 3, 200, 70, 60, 50, 40, 30, 20, 10, 5, 3, '2023-11-20 00:00:00', '2023-11-20 00:00:00'),
    ('ORGANIZATION_MALE', 10, 4, 4, 80, 60, 50, 40, 30, 20, 10, 5, 2, 4, '2023-11-20 00:00:00', '2023-11-20 00:00:00'),
    ('ORGANIZATION_MALE', 1, 5, 5, 120, 50, 40, 30, 20, 10, 5, 2, 1, 5, '2023-11-20 00:00:00', '2023-11-20 00:00:00'),
    ('ORGANIZATION_FEMALE', 2, 1, 6, 60, 40, 30, 20, 10, 5, 2, 1, 1, 6, '2023-11-20 00:00:00', '2023-11-20 00:00:00'),
    ('ORGANIZATION_FEMALE', 5, 2, 7, 150, 30, 20, 10, 5, 2, 1, 1, 1, 7, '2023-11-20 00:00:00', '2023-11-20 00:00:00'),
    ('ORGANIZATION_FEMALE', 8, 3, 8, 30, 20, 10, 5, 2, 1, 1, 1, 1, 8, '2023-11-20 00:00:00', '2023-11-20 00:00:00'),
    ('ORGANIZATION_FEMALE', 2, 4, 9, 100, 10, 5, 2, 1, 1, 1, 1, 1, 9, '2023-11-20 00:00:00', '2023-11-20 00:00:00'),
    ('ORGANIZATION_FEMALE', 5, 5, 10, 80, 5, 2, 1, 1, 1, 1, 1, 1, 10, '2023-11-20 00:00:00', '2023-11-20 00:00:00'),
    ('ORGANIZATION_MALE', 10, 5, 10, 80, 5, 2, 1, 1, 1, 1, 1, 1, 56, '2023-11-20 00:00:00', '2023-11-20 00:00:00'),
    ('ORGANIZATION_MALE', 1, 5, 10, 80, 5, 2, 1, 1, 1, 1, 1, 1, 56, '2023-11-20 00:00:00', '2023-11-20 00:00:00'),
    ('ORGANIZATION_MALE', 4, 5, 10, 80, 5, 2, 1, 1, 1, 1, 1, 1, 56, '2023-11-20 00:00:00', '2023-11-20 00:00:00'),
    ('ORGANIZATION_MALE', 7, 5, 10, 80, 5, 2, 1, 1, 1, 1, 1, 1, 56, '2023-11-20 00:00:00', '2023-11-20 00:00:00'),

    ('ORGANIZATION_MALE', 10, 4, 10, 80, 5, 2, 1, 1, 1, 1, 1, 1, 56, '2023-11-20 00:00:00', '2023-11-20 00:00:00'),
    ('ORGANIZATION_MALE', 1, 4, 10, 80, 5, 2, 1, 1, 1, 1, 1, 1, 56, '2023-11-20 00:00:00', '2023-11-20 00:00:00'),
    ('ORGANIZATION_MALE', 4, 4, 10, 80, 5, 2, 1, 1, 1, 1, 1, 1, 56, '2023-11-20 00:00:00', '2023-11-20 00:00:00'),
    ('ORGANIZATION_MALE', 7, 4, 10, 80, 5, 2, 1, 1, 1, 1, 1, 1, 56, '2023-11-20 00:00:00', '2023-11-20 00:00:00'),

    ('ORGANIZATION_MALE', 10, 3, 10, 80, 5, 2, 1, 1, 1, 1, 1, 1, 56, '2023-11-20 00:00:00', '2023-11-20 00:00:00'),
    ('ORGANIZATION_MALE', 1, 3, 10, 80, 5, 2, 1, 1, 1, 1, 1, 1, 56, '2023-11-20 00:00:00', '2023-11-20 00:00:00'),
    ('ORGANIZATION_MALE', 4, 3, 10, 80, 5, 2, 1, 1, 1, 1, 1, 1, 56, '2023-11-20 00:00:00', '2023-11-20 00:00:00'),
    ('ORGANIZATION_MALE', 7, 3, 10, 80, 5, 2, 1, 1, 1, 1, 1, 1, 56, '2023-11-20 00:00:00', '2023-11-20 00:00:00'),

    ('ORGANIZATION_MALE', 10, 2, 10, 80, 5, 2, 1, 1, 1, 1, 1, 1, 56, '2023-11-20 00:00:00', '2023-11-20 00:00:00'),
    ('ORGANIZATION_MALE', 1, 2, 10, 80, 5, 2, 1, 1, 1, 1, 1, 1, 56, '2023-11-20 00:00:00', '2023-11-20 00:00:00'),
    ('ORGANIZATION_MALE', 4, 2, 10, 80, 5, 2, 1, 1, 1, 1, 1, 1, 56, '2023-11-20 00:00:00', '2023-11-20 00:00:00'),
    ('ORGANIZATION_MALE', 7, 2, 10, 80, 5, 2, 1, 1, 1, 1, 1, 1, 56, '2023-11-20 00:00:00', '2023-11-20 00:00:00'),

    ('ORGANIZATION_MALE', 10, 1, 10, 80, 5, 2, 1, 1, 1, 1, 1, 1, 56, '2023-11-20 00:00:00', '2023-11-20 00:00:00'),
    ('ORGANIZATION_MALE', 1, 1, 10, 80, 5, 2, 1, 1, 1, 1, 1, 1, 56, '2023-11-20 00:00:00', '2023-11-20 00:00:00'),
    ('ORGANIZATION_MALE', 4, 1, 10, 80, 5, 2, 1, 1, 1, 1, 1, 1, 56, '2023-11-20 00:00:00', '2023-11-20 00:00:00'),
    ('ORGANIZATION_MALE', 7, 1, 10, 80, 5, 2, 1, 1, 1, 1, 1, 1, 56, '2023-11-20 00:00:00', '2023-11-20 00:00:00'),

    ('ORGANIZATION_MALE', 10, 6, 10, 80, 5, 2, 1, 1, 1, 1, 1, 1, 56, '2023-11-20 00:00:00', '2023-11-20 00:00:00'),
    ('ORGANIZATION_MALE', 1, 6, 10, 80, 5, 2, 1, 1, 1, 1, 1, 1, 56, '2023-11-20 00:00:00', '2023-11-20 00:00:00'),
    ('ORGANIZATION_MALE', 4, 6, 10, 80, 5, 2, 1, 1, 1, 1, 1, 1, 56, '2023-11-20 00:00:00', '2023-11-20 00:00:00'),
    ('ORGANIZATION_MALE', 7, 6, 10, 80, 5, 2, 1, 1, 1, 1, 1, 1, 56, '2023-11-20 00:00:00', '2023-11-20 00:00:00'),

    ('ORGANIZATION_MALE', 10, 7, 10, 80, 5, 2, 1, 1, 1, 1, 1, 1, 56, '2023-11-20 00:00:00', '2023-11-20 00:00:00'),
    ('ORGANIZATION_MALE', 1, 7, 10, 80, 5, 2, 1, 1, 1, 1, 1, 1, 56, '2023-11-20 00:00:00', '2023-11-20 00:00:00'),
    ('ORGANIZATION_MALE', 4, 7, 10, 80, 5, 2, 1, 1, 1, 1, 1, 1, 56, '2023-11-20 00:00:00', '2023-11-20 00:00:00'),
    ('ORGANIZATION_MALE', 7, 7, 10, 80, 5, 2, 1, 1, 1, 1, 1, 1, 56, '2023-11-20 00:00:00', '2023-11-20 00:00:00'),

    ('ORGANIZATION_MALE', 10, 8, 10, 80, 5, 2, 1, 1, 1, 1, 1, 1, 56, '2023-11-20 00:00:00', '2023-11-20 00:00:00'),
    ('ORGANIZATION_MALE', 1, 8, 10, 80, 5, 2, 1, 1, 1, 1, 1, 1, 56, '2023-11-20 00:00:00', '2023-11-20 00:00:00'),
    ('ORGANIZATION_MALE', 4, 8, 10, 80, 5, 2, 1, 1, 1, 1, 1, 1, 56, '2023-11-20 00:00:00', '2023-11-20 00:00:00'),
    ('ORGANIZATION_MALE', 7, 8, 10, 80, 5, 2, 1, 1, 1, 1, 1, 1, 56, '2023-11-20 00:00:00', '2023-11-20 00:00:00'),

    ('ORGANIZATION_MALE', 10, 9, 10, 80, 5, 2, 1, 1, 1, 1, 1, 1, 56, '2023-11-20 00:00:00', '2023-11-20 00:00:00'),
    ('ORGANIZATION_MALE', 1, 9, 10, 80, 5, 2, 1, 1, 1, 1, 1, 1, 56, '2023-11-20 00:00:00', '2023-11-20 00:00:00'),
    ('ORGANIZATION_MALE', 4, 9, 10, 80, 5, 2, 1, 1, 1, 1, 1, 1, 56, '2023-11-20 00:00:00', '2023-11-20 00:00:00'),
    ('ORGANIZATION_MALE', 7, 9, 10, 80, 5, 2, 1, 1, 1, 1, 1, 1, 56, '2023-11-20 00:00:00', '2023-11-20 00:00:00'),

    ('ORGANIZATION_FEMALE', 2, 5, 10, 80, 5, 2, 1, 1, 1, 1, 1, 1, 56, '2023-11-20 00:00:00', '2023-11-20 00:00:00'),
    ('ORGANIZATION_MIXED', 3, 3, 9, 80, 5, 2, 1, 1, 1, 1, 1, 1, 56, '2023-11-20 00:00:00', '2023-11-20 00:00:00'),

    ('INDIVIDUAL_MALE', 1, 1, 7, 80, 5, 2, 1, 1, 1, 1, 1, 1, 56, '2023-11-20 00:00:00', '2023-11-20 00:00:00'),
    ('INDIVIDUAL_MALE', 4, 1, 7, 80, 5, 2, 1, 1, 1, 1, 1, 1, 56, '2023-11-20 00:00:00', '2023-11-20 00:00:00'),
    ('INDIVIDUAL_MALE', 7, 1, 7, 80, 5, 2, 1, 1, 1, 1, 1, 1, 56, '2023-11-20 00:00:00', '2023-11-20 00:00:00'),
    ('INDIVIDUAL_MALE', 10, 1, 7, 80, 5, 2, 1, 1, 1, 1, 1, 1, 56, '2023-11-20 00:00:00', '2023-11-20 00:00:00'),

    ('INDIVIDUAL_MALE', 1, 2, 7, 80, 5, 2, 1, 1, 1, 1, 1, 1, 56, '2023-11-20 00:00:00', '2023-11-20 00:00:00'),
    ('INDIVIDUAL_MALE', 4, 2, 7, 80, 5, 2, 1, 1, 1, 1, 1, 1, 56, '2023-11-20 00:00:00', '2023-11-20 00:00:00'),
    ('INDIVIDUAL_MALE', 7, 2, 7, 80, 5, 2, 1, 1, 1, 1, 1, 1, 56, '2023-11-20 00:00:00', '2023-11-20 00:00:00'),
    ('INDIVIDUAL_MALE', 10, 2, 7, 80, 5, 2, 1, 1, 1, 1, 1, 1, 56, '2023-11-20 00:00:00', '2023-11-20 00:00:00'),

    ('INDIVIDUAL_MALE', 1, 3, 7, 80, 5, 2, 1, 1, 1, 1, 1, 1, 56, '2023-11-20 00:00:00', '2023-11-20 00:00:00'),
    ('INDIVIDUAL_MALE', 4, 3, 7, 80, 5, 2, 1, 1, 1, 1, 1, 1, 56, '2023-11-20 00:00:00', '2023-11-20 00:00:00'),
    ('INDIVIDUAL_MALE', 7, 3, 7, 80, 5, 2, 1, 1, 1, 1, 1, 1, 56, '2023-11-20 00:00:00', '2023-11-20 00:00:00'),
    ('INDIVIDUAL_MALE', 10, 3, 7, 80, 5, 2, 1, 1, 1, 1, 1, 1, 56, '2023-11-20 00:00:00', '2023-11-20 00:00:00'),

    ('INDIVIDUAL_MALE', 1, 4, 7, 80, 5, 2, 1, 1, 1, 1, 1, 1, 56, '2023-11-20 00:00:00', '2023-11-20 00:00:00'),
    ('INDIVIDUAL_MALE', 4, 4, 7, 80, 5, 2, 1, 1, 1, 1, 1, 1, 56, '2023-11-20 00:00:00', '2023-11-20 00:00:00'),
    ('INDIVIDUAL_MALE', 7, 4, 7, 80, 5, 2, 1, 1, 1, 1, 1, 1, 56, '2023-11-20 00:00:00', '2023-11-20 00:00:00'),
    ('INDIVIDUAL_MALE', 10, 4, 7, 80, 5, 2, 1, 1, 1, 1, 1, 1, 56, '2023-11-20 00:00:00', '2023-11-20 00:00:00'),

    ('INDIVIDUAL_FEMALE', 2, 1, 5, 80, 5, 2, 1, 1, 1, 1, 1, 1, 56, '2023-11-20 00:00:00', '2023-11-20 00:00:00'),
    ('INDIVIDUAL_FEMALE', 5, 1, 5, 80, 5, 2, 1, 1, 1, 1, 1, 1, 56, '2023-11-20 00:00:00', '2023-11-20 00:00:00'),
    ('INDIVIDUAL_FEMALE', 8, 1, 5, 80, 5, 2, 1, 1, 1, 1, 1, 1, 56, '2023-11-20 00:00:00', '2023-11-20 00:00:00'),

    ('INDIVIDUAL_FEMALE', 2, 2, 5, 80, 5, 2, 1, 1, 1, 1, 1, 1, 56, '2023-11-20 00:00:00', '2023-11-20 00:00:00'),
    ('INDIVIDUAL_FEMALE', 5, 2, 5, 80, 5, 2, 1, 1, 1, 1, 1, 1, 56, '2023-11-20 00:00:00', '2023-11-20 00:00:00'),
    ('INDIVIDUAL_FEMALE', 8, 2, 5, 80, 5, 2, 1, 1, 1, 1, 1, 1, 56, '2023-11-20 00:00:00', '2023-11-20 00:00:00'),

    ('INDIVIDUAL_FEMALE', 2, 3, 5, 80, 5, 2, 1, 1, 1, 1, 1, 1, 56, '2023-11-20 00:00:00', '2023-11-20 00:00:00'),
    ('INDIVIDUAL_FEMALE', 5, 3, 5, 80, 5, 2, 1, 1, 1, 1, 1, 1, 56, '2023-11-20 00:00:00', '2023-11-20 00:00:00'),
    ('INDIVIDUAL_FEMALE', 8, 3, 5, 80, 5, 2, 1, 1, 1, 1, 1, 1, 56, '2023-11-20 00:00:00', '2023-11-20 00:00:00'),

    ('INDIVIDUAL_FEMALE', 2, 4, 5, 80, 5, 2, 1, 1, 1, 1, 1, 1, 56, '2023-11-20 00:00:00', '2023-11-20 00:00:00'),
    ('INDIVIDUAL_FEMALE', 5, 4, 5, 80, 5, 2, 1, 1, 1, 1, 1, 1, 56, '2023-11-20 00:00:00', '2023-11-20 00:00:00'),
    ('INDIVIDUAL_FEMALE', 8, 4, 5, 80, 5, 2, 1, 1, 1, 1, 1, 1, 56, '2023-11-20 00:00:00', '2023-11-20 00:00:00'),

    ('ORGANIZATION_FEMALE', 2, 5, 3, 80, 5, 2, 1, 1, 1, 1, 1, 1, 56, '2023-11-20 00:00:00', '2023-11-20 00:00:00'),
    ('ORGANIZATION_FEMALE', 5, 5, 3, 80, 5, 2, 1, 1, 1, 1, 1, 1, 56, '2023-11-20 00:00:00', '2023-11-20 00:00:00'),
    ('ORGANIZATION_FEMALE', 8, 5, 3, 80, 5, 2, 1, 1, 1, 1, 1, 1, 56, '2023-11-20 00:00:00', '2023-11-20 00:00:00'),

    ('ORGANIZATION_FEMALE', 2, 6, 3, 80, 5, 2, 1, 1, 1, 1, 1, 1, 56, '2023-11-20 00:00:00', '2023-11-20 00:00:00'),
    ('ORGANIZATION_FEMALE', 5, 6, 3, 80, 5, 2, 1, 1, 1, 1, 1, 1, 56, '2023-11-20 00:00:00', '2023-11-20 00:00:00'),
    ('ORGANIZATION_FEMALE', 8, 6, 3, 80, 5, 2, 1, 1, 1, 1, 1, 1, 56, '2023-11-20 00:00:00', '2023-11-20 00:00:00'),

    ('ORGANIZATION_FEMALE', 2, 7, 3, 80, 5, 2, 1, 1, 1, 1, 1, 1, 56, '2023-11-20 00:00:00', '2023-11-20 00:00:00'),
    ('ORGANIZATION_FEMALE', 5, 7, 3, 80, 5, 2, 1, 1, 1, 1, 1, 1, 56, '2023-11-20 00:00:00', '2023-11-20 00:00:00'),
    ('ORGANIZATION_FEMALE', 8, 7, 3, 80, 5, 2, 1, 1, 1, 1, 1, 1, 56, '2023-11-20 00:00:00', '2023-11-20 00:00:00'),

    ('ORGANIZATION_FEMALE', 2, 8, 3, 80, 5, 2, 1, 1, 1, 1, 1, 1, 56, '2023-11-20 00:00:00', '2023-11-20 00:00:00'),
    ('ORGANIZATION_FEMALE', 5, 8, 3, 80, 5, 2, 1, 1, 1, 1, 1, 1, 56, '2023-11-20 00:00:00', '2023-11-20 00:00:00'),
    ('ORGANIZATION_FEMALE', 8, 8, 3, 80, 5, 2, 1, 1, 1, 1, 1, 1, 56, '2023-11-20 00:00:00', '2023-11-20 00:00:00')
;

INSERT INTO REFEREES(user_id, status, created_date, modified_date)
VALUES
    (23, 'APPROVED', '2023-11-20 00:00:00', '2023-11-20 00:00:00'),
    (24, 'APPROVED', '2023-11-20 00:00:00', '2023-11-20 00:00:00'),
    (25, 'APPROVED', '2023-11-20 00:00:00', '2023-11-20 00:00:00'),
    (26, 'APPROVED', '2023-11-20 00:00:00', '2023-11-20 00:00:00')
;

INSERT INTO SECTIONS(section_number, competition_event_id)
VALUES
    (1, 56),
    (2, 1)
;

INSERT INTO LANES (lane_number, referee_id, section_id, team_member_id, user_id, created_date, modified_date)
VALUES
    (1, 3, 1, null, 1, '2024-02-13 09:43:26.790206', '2024-02-13 09:43:26.790206'),
    (2, 1, 1, null, 2, '2024-02-13 09:43:26.790206', '2024-02-13 09:43:26.790206'),
    (3, 2, 1, null, 3, '2024-02-13 09:43:26.790206', '2024-02-13 09:43:26.790206'),
    (4, 3, 1, null, 4, '2024-02-13 09:43:26.790206', '2024-02-13 09:43:26.790206'),
    (5, 2, 1, null, 5, '2024-02-13 09:43:26.790206', '2024-02-13 09:43:26.790206'),
    (6, 3, 1, null, 6, '2024-02-13 09:43:26.790206', '2024-02-13 09:43:26.790206'),
    (1, 3, 2, 2, null, '2024-02-13 09:43:26.790206', '2024-02-13 09:43:26.790206'),
    (2, 1, 2, 15, null, '2024-02-13 09:43:26.790206', '2024-02-13 09:43:26.790206'),
    (3, 2, 2, 13, null, '2024-02-13 09:43:26.790206', '2024-02-13 09:43:26.790206'),
    (4, 3, 2, 3, null, '2024-02-13 09:43:26.790206', '2024-02-13 09:43:26.790206'),
    (5, 2, 2, 4, null, '2024-02-13 09:43:26.790206', '2024-02-13 09:43:26.790206'),
    (6, 3, 2, 10, null, '2024-02-13 09:43:26.790206', '2024-02-13 09:43:26.790206')
;

INSERT INTO RECORDS(lane_id, record)
VALUES
    (1, '10'),
    (2, '8'),
    (3, '6'),
    (4, '4'),
    (5, '2'),
    (6, '0'),
    (7, '80'),
    (8, '70'),
    (9, '60'),
    (10, '50'),
    (11, '40'),
    (12, '30')
;